{
    "accuracy": 0.6231438515081207,
    "feature_importance": {
        "rsi": 0.07098083120039556,
        "macd": 0.16433105852280774,
        "macd_signal": 0.14313301233274628,
        "bb_upper": 0.10860207032351335,
        "bb_lower": 0.07343774843955148,
        "volume_ratio": 0.0411364113790715,
        "price_change": 0.06301043658408101,
        "atr": 0.20232928914468573,
        "trend_strength": 0.13303914207314735
    },
    "training_samples": 17240,
    "positive_outcomes": 6839,
    "training_date": "2025-03-11T22:47:29.119769"
}